N,trial,r,bic,log_likelihood
200,0,1,20095.948530004338,-9780.409237991493
200,0,2,16118.15998903613,-7531.897416546535
200,0,3,15045.9216917351,-6741.459034301715
200,1,1,19732.601654399026,-9598.735800188837
200,1,2,16300.009631642404,-7622.822237849672
200,1,3,14853.393090226557,-6645.194733547443
