N,trial,r,bic,log_likelihood
200,0,1,20095.948530004338,-9780.409237991493
200,0,2,16118.153054043216,-7531.893949050078
200,0,3,15045.921630254528,-6741.459003561428
200,1,1,19732.601654399026,-9598.735800188837
200,1,2,16300.009679284141,-7622.822261670541
200,1,3,14853.389633584866,-6645.193005226598
