N,trial,r,cv_mse,cv_mse_std_over_folds
200,0,1,0.14366282605986777,0.0028724887378755726
200,0,2,0.11980844834679547,0.0026972011376642097
200,0,3,0.1107926891607092,0.0016022694613523972
200,1,1,0.13718431244774587,0.0006349778886313856
200,1,2,0.11587101453224255,0.003983359863894469
200,1,3,0.10928537168705674,0.0010456334351763644
