N,trial,r,cv_mse,cv_mse_std_over_folds
200,0,1,0.14366282605986777,0.0028724887378755726
200,0,2,0.11980793001774453,0.002696704106430692
200,0,3,0.11079256939900688,0.0016021638517191572
200,1,1,0.13718431244774587,0.0006349778886313856
200,1,2,0.11587110791078176,0.003983460218410291
200,1,3,0.10928686172451438,0.0010441386251016788
