method,r,mse_mean,mse_std,mae_mean,mae_std,r2_mean,r2_std
Ridge,-,0.6770528720074014,0.04430538370139954,0.6007329332445617,0.015407796843104726,0.11595257215085128,0.017767050421141475
PPLS-SLM,3,0.7628657379105463,0.031524588546723326,0.6370617255096123,0.015539562653241717,0.00970026007144285,0.03381699513763602
PPLS-EM,8,0.7156231693863028,0.03819118510785882,0.6204146397838286,0.014613662628465569,0.07180277143904339,0.012376369596671254
PLSR,8,0.6899654563412647,0.04763332246092185,0.6082838503163275,0.016506033273409333,0.09962620053558854,0.02095059852879141
