N,trial,r,bic,log_likelihood
200,1,1,29552.902480543118,-14508.886213260883
200,1,2,25353.380300413934,-12149.507572235438
200,1,3,21363.64011302763,-9900.318244947981
200,0,1,30994.37474847606,-15229.622347227354
200,0,2,25819.181040711534,-12382.407942384238
200,0,3,22493.7254679166,-10465.360922392465
