N,trial,r,cv_mse,cv_mse_std_over_folds
200,1,1,0.2036808422201557,0.0023962432678692
200,1,2,0.1621208744993986,0.0011269195991839
200,1,3,0.1739502378919407,0.0429846314118777
200,0,1,0.214261697262737,0.0046367897117984
200,0,2,0.1612090042330741,0.0003592118320373
200,0,3,0.1354637344175434,0.001674537582038
