r,bic,cv_mse_mean,cv_mse_std,log_likelihood,n_folds,is_best_bic,is_best_cv
2,1669812.8922914504,0.313111647299134,0.0019867767205452025,-829486.0956617008,2,False,True
3,1634453.7575234352,0.36423688840904,0.005423689958515415,-809107.829881836,2,True,False
