N,trial,r,cv_mse,cv_mse_std_over_folds
200,0,1,0.214261697262737,0.0046367897117984
200,0,2,0.16120900423307416,0.0003592118320373122
200,0,3,0.1354637344175434,0.0016745375820380187
200,1,1,0.20368084222015578,0.0023962432678692747
200,1,2,0.1621208744993986,0.001126919599183901
200,1,3,0.17395023789194075,0.04298463141187775
